City_ID,City,Country,Date,Lat,Lng,Max Temp,Humidity,Cloudiness,Wind Speed
0,Sibolga,ID,2022-06-09 04:53:31,1.7427,98.7792,84.24,73,52,3.78
1,Mabopane,ZA,2022-06-09 04:53:31,-25.4977,28.1007,38.95,50,0,0.29
2,Rikitea,PF,2022-06-09 04:53:31,-23.1203,-134.9692,71.98,70,100,17.52
3,Ternate,ID,2022-06-09 04:53:32,0.8,127.4,86.22,63,16,4.99
4,Hobart,AU,2022-06-09 04:52:56,-42.8794,147.3294,50.25,64,40,20.71
5,Hilo,US,2022-06-09 04:49:38,19.7297,-155.09,79.29,79,75,8.05
6,Atuona,PF,2022-06-09 04:53:32,-9.8,-139.0333,78.58,71,32,19.33
7,Honnali,IN,2022-06-09 04:53:33,14.25,75.6667,83.34,59,81,12.17
8,Ushuaia,AR,2022-06-09 04:53:33,-54.8,-68.3,33.46,93,100,23.02
9,Kuntaur,GM,2022-06-09 04:53:33,13.6667,-14.8833,82.4,70,100,8.52
10,Raudeberg,NO,2022-06-09 04:53:34,61.9875,5.1352,50.67,89,16,11.21
11,Rock Springs,US,2022-06-09 04:49:14,41.5875,-109.2029,67.05,22,0,3.44
12,Necochea,AR,2022-06-09 04:53:23,-38.5473,-58.7368,49.24,68,41,11.52
13,Port Macquarie,AU,2022-06-09 04:53:06,-31.4333,152.9167,63.9,40,0,5.93
14,San Policarpo,PH,2022-06-09 04:53:34,12.1791,125.5072,85.71,69,93,11.12
15,Guerrero Negro,MX,2022-06-09 04:53:35,27.9769,-114.0611,63.41,83,45,10.69
16,Bambous Virieux,MU,2022-06-09 04:53:35,-20.3428,57.7575,76.21,88,75,14.97
17,Bredasdorp,ZA,2022-06-09 04:53:35,-34.5322,20.0403,55.04,88,0,5.08
18,Doka,SD,2022-06-09 04:53:36,13.5167,35.7667,76.03,68,88,13.98
19,Vaini,TO,2022-06-09 04:53:36,-21.2,-175.2,77.16,78,20,5.75
20,Albany,US,2022-06-09 04:50:47,42.6001,-73.9662,61.21,82,100,1.7
21,Ribeira Grande,PT,2022-06-09 04:53:36,38.5167,-28.7,65.08,94,59,11.03
22,Mahebourg,MU,2022-06-09 04:53:36,-20.4081,57.7,76.24,88,75,14.97
23,Victor Harbor,AU,2022-06-09 04:53:37,-35.5667,138.6167,53.67,71,94,12.82
24,Padang,ID,2022-06-09 04:53:37,-0.9492,100.3543,86.05,73,100,5.14
25,Punta Arenas,CL,2022-06-09 04:53:37,-53.15,-70.9167,33.91,69,20,20.71
26,Mataura,NZ,2022-06-09 04:53:38,-46.1927,168.8643,48.47,95,71,2.35
27,Port Alfred,ZA,2022-06-09 04:53:38,-33.5906,26.891,61.18,57,10,3.0
28,Isangel,VU,2022-06-09 04:52:47,-19.55,169.2667,79.81,70,85,8.34
29,Ancud,CL,2022-06-09 04:53:39,-41.8697,-73.8203,42.22,77,29,8.72
30,Esperance,AU,2022-06-09 04:53:39,-33.8667,121.9,63.59,47,77,15.7
31,Bluff,NZ,2022-06-09 04:53:39,-46.6,168.3333,48.79,79,47,4.94
32,Bam,IR,2022-06-09 04:53:39,29.106,58.357,96.04,9,0,7.02
33,Pisco,PE,2022-06-09 04:53:40,-13.7,-76.2167,60.03,82,1,1.14
34,Hambantota,LK,2022-06-09 04:53:40,6.1241,81.1185,88.14,74,40,13.8
35,Bethel,US,2022-06-09 04:53:37,41.3712,-73.414,69.49,84,100,3.22
36,Novaya Zaimka,RU,2022-06-09 04:53:41,56.4857,66.9241,62.62,65,47,12.97
37,Hermanus,ZA,2022-06-09 04:53:41,-34.4187,19.2345,53.8,78,8,7.43
38,Hami,CN,2022-06-09 04:53:41,42.8,93.45,88.92,7,0,11.88
39,Carnarvon,AU,2022-06-09 04:53:42,-24.8667,113.6333,68.74,88,99,16.46
40,Liberia,LR,2022-06-09 04:53:42,6.5,-9.5,70.75,99,44,0.78
41,Dikson,RU,2022-06-09 04:53:42,73.5069,80.5464,32.27,84,60,5.14
42,Smithers,CA,2022-06-09 04:53:43,54.7804,-127.1743,57.52,54,20,4.61
43,Kodiak,US,2022-06-09 04:54:43,57.79,-152.4072,51.69,81,87,5.06
44,Paris,FR,2022-06-09 04:53:40,48.8534,2.3488,55.11,89,0,9.22
45,Torbay,CA,2022-06-09 04:54:43,47.6666,-52.7314,38.17,87,20,4.61
46,Kudahuvadhoo,MV,2022-06-09 04:54:44,2.6708,72.8944,82.09,72,100,6.15
47,Barrow,US,2022-06-09 04:54:44,71.2906,-156.7887,33.87,75,56,6.29
48,Saint-Philippe,RE,2022-06-09 04:54:44,-21.3585,55.7679,71.11,75,95,12.71
49,Colares,PT,2022-06-09 04:54:44,38.7992,-9.4469,68.32,77,58,17.0
50,Tromso,NO,2022-06-09 04:54:45,69.6496,18.957,42.82,81,75,8.05
51,Okhotsk,RU,2022-06-09 04:54:45,59.3833,143.3,45.48,83,100,11.81
52,Alice Springs,AU,2022-06-09 04:54:45,-23.7,133.8833,56.75,51,1,12.66
53,Luanda,AO,2022-06-09 04:54:46,-8.8368,13.2343,68.25,86,62,6.55
54,New Norfolk,AU,2022-06-09 04:54:46,-42.7826,147.0587,49.91,70,96,5.01
55,Husavik,IS,2022-06-09 04:54:46,66.0449,-17.3389,45.55,92,99,3.18
56,Olafsvik,IS,2022-06-09 04:54:47,64.8945,-23.7142,48.15,94,100,5.97
57,Busselton,AU,2022-06-09 04:54:47,-33.65,115.3333,62.31,70,81,17.18
58,Walldurn,DE,2022-06-09 04:54:47,49.5833,9.3667,56.66,88,100,6.02
59,Beni,CD,2022-06-09 04:54:48,0.5,29.4667,62.65,97,100,0.45
60,Longyearbyen,SJ,2022-06-09 04:54:48,78.2186,15.6401,37.24,87,75,9.22
61,Jamestown,US,2022-06-09 04:52:42,42.097,-79.2353,58.64,71,100,9.22
62,Hovd,MN,2022-06-09 04:54:48,48.0056,91.6419,68.49,22,2,9.75
63,Ahipara,NZ,2022-06-09 04:54:49,-35.1667,173.1667,58.51,73,77,13.27
64,La Palma,US,2022-06-09 04:54:49,33.8464,-118.0467,72.91,87,100,4.61
65,Taoudenni,ML,2022-06-09 04:54:49,22.6783,-3.9836,92.73,18,28,6.91
66,Kaitong,CN,2022-06-09 04:54:50,44.8135,123.15,62.53,69,100,5.57
67,Deputatskiy,RU,2022-06-09 04:54:50,69.3,139.9,51.28,34,54,16.06
68,Talavera De La Reina,ES,2022-06-09 04:54:50,39.9635,-4.8308,62.69,73,12,4.56
69,Aklavik,CA,2022-06-09 04:54:51,68.2191,-135.0107,39.61,64,100,11.03
70,Mantena,BR,2022-06-09 04:54:51,-18.7817,-40.9803,62.58,81,0,1.63
71,Fortuna,US,2022-06-09 04:54:51,40.5982,-124.1573,56.93,83,100,10.36
72,Cape Town,ZA,2022-06-09 04:54:52,-33.9258,18.4232,59.92,84,5,5.75
73,Severo-Kurilsk,RU,2022-06-09 04:53:59,50.6789,156.125,44.01,87,100,5.86
74,Kapaa,US,2022-06-09 04:54:52,22.0752,-159.319,77.11,81,26,3.0
75,Puerto Carreno,CO,2022-06-09 04:54:52,6.189,-67.4859,76.35,85,98,2.73
76,Port Blair,IN,2022-06-09 04:54:53,11.6667,92.75,84.24,84,75,12.66
77,Geraldton,AU,2022-06-09 04:54:53,-28.7667,114.6,73.81,64,75,17.27
78,Vaitape,PF,2022-06-09 04:54:53,-16.5167,-151.75,78.33,77,25,5.17
79,Arkadak,RU,2022-06-09 04:54:54,51.9326,43.4978,62.64,63,0,6.29
80,Butaritari,KI,2022-06-09 04:54:54,3.0707,172.7902,82.2,70,9,9.13
81,Rioja,AR,2022-06-09 04:54:54,-29.4111,-66.8507,54.97,68,17,2.19
82,Puerto Ayora,EC,2022-06-09 04:54:54,-0.7393,-90.3518,70.56,90,19,3.0
83,Cherskiy,RU,2022-06-09 04:54:55,68.75,161.3,60.03,45,96,12.37
84,Arraial Do Cabo,BR,2022-06-09 04:54:55,-22.9661,-42.0278,69.51,89,50,10.09
85,Ushtobe,KZ,2022-06-09 04:54:55,45.2514,77.9838,89.69,19,76,3.11
86,Auki,SB,2022-06-09 04:54:56,-8.7676,160.7034,81.09,83,74,5.26
87,Qaanaaq,GL,2022-06-09 04:54:56,77.484,-69.3632,27.61,94,100,0.65
88,Ligaya,PH,2022-06-09 04:54:56,12.6599,120.8923,86.59,71,98,6.29
89,Beawar,IN,2022-06-09 04:55:57,26.1,74.3167,94.08,27,11,21.09
90,Galesong,ID,2022-06-09 04:55:57,-5.3166,119.3661,86.02,64,33,4.68
91,Belmonte,BR,2022-06-09 04:55:57,-15.8631,-38.8828,71.46,80,1,4.9
92,Charleston,US,2022-06-09 04:55:10,32.7766,-79.9309,79.11,84,100,10.36
93,Dulyapino,RU,2022-06-09 04:55:58,57.2578,40.8147,61.07,61,21,4.54
94,Tuatapere,NZ,2022-06-09 04:55:58,-46.1333,167.6833,45.57,87,44,5.32
95,Alofi,NU,2022-06-09 04:55:58,-19.0595,-169.9187,76.89,73,41,11.5
96,Kavieng,PG,2022-06-09 04:55:58,-2.5744,150.7967,83.82,59,52,7.92
97,Beruwala,LK,2022-06-09 04:55:59,6.4788,79.9828,81.48,82,100,12.01
98,Jalu,LY,2022-06-09 04:55:59,29.0331,21.5482,76.5,51,0,6.91
99,Gigmoto,PH,2022-06-09 04:55:59,13.7796,124.39,87.35,67,99,8.03
100,Maceio,BR,2022-06-09 04:56:00,-9.6658,-35.7353,72.84,94,75,4.61
101,Victoria,HK,2022-06-09 04:54:34,22.2855,114.1577,82.18,92,95,17.0
102,Castro,BR,2022-06-09 04:56:00,-24.7911,-50.0119,51.89,97,54,5.37
103,Lipetsk,RU,2022-06-09 04:56:00,52.6031,39.5708,64.44,66,0,4.14
104,Piacabucu,BR,2022-06-09 04:53:15,-10.4056,-36.4344,73.15,90,49,4.32
105,Mehamn,NO,2022-06-09 04:56:01,71.0357,27.8492,46.31,75,22,21.14
106,Premia De Mar,ES,2022-06-09 04:56:01,41.4921,2.3652,72.01,76,94,2.15
107,Kyren,RU,2022-06-09 04:56:01,51.6828,102.1408,47.23,91,100,1.32
108,Matara,LK,2022-06-09 04:56:02,5.9485,80.5353,82.04,80,100,13.42
109,Camacupa,AO,2022-06-09 04:56:02,-12.0167,17.4833,44.78,78,61,4.83
110,Avarua,CK,2022-06-09 04:56:02,-21.2078,-159.775,75.25,73,75,5.75
111,Upernavik,GL,2022-06-09 04:56:03,72.7868,-56.1549,33.76,96,100,16.93
112,Saint Anthony,US,2022-06-09 04:56:03,45.0205,-93.218,64.92,53,0,5.75
113,Saint-Francois,FR,2022-06-09 04:56:03,46.4154,3.9054,56.64,88,100,10.36
114,Sao Francisco,BR,2022-06-09 04:56:04,-15.9486,-44.8644,62.08,39,9,0.65
115,Antofagasta,CL,2022-06-09 04:56:04,-23.65,-70.4,57.54,83,38,5.41
116,Georgetown,MY,2022-06-09 04:52:42,5.4112,100.3354,87.75,70,20,7.0
117,Iqaluit,CA,2022-06-09 04:56:05,63.7506,-68.5145,40.73,70,75,3.44
118,Tilichiki,RU,2022-06-09 04:56:05,60.4667,166.1,50.85,65,61,7.49
119,Kaitangata,NZ,2022-06-09 04:56:05,-46.2817,169.8464,44.64,86,76,3.15
120,Gisborne,NZ,2022-06-09 04:56:06,-38.6533,178.0042,61.05,69,99,12.5
121,Wilmington,US,2022-06-09 04:53:51,34.2257,-77.9447,78.91,85,71,3.0
122,Yellowknife,CA,2022-06-09 04:54:12,62.456,-114.3525,72.12,30,20,5.75
123,Buraydah,SA,2022-06-09 04:56:06,26.326,43.975,82.85,8,0,5.95
124,Bardiyah,LY,2022-06-09 04:56:07,31.7561,25.0865,74.19,72,0,2.82
125,Broken Hill,AU,2022-06-09 04:56:07,-31.95,141.4333,56.12,49,15,13.73
126,Kalemie,CD,2022-06-09 04:56:07,-5.9475,29.1947,70.84,73,15,12.3
127,Hithadhoo,MV,2022-06-09 04:56:08,-0.6,73.0833,82.44,72,99,1.52
128,Ikom,NG,2022-06-09 04:56:08,5.9667,8.7063,72.21,99,97,2.15
129,Conceicao Do Araguaia,BR,2022-06-09 04:56:08,-8.2578,-49.2647,75.06,60,43,0.56
130,Bocana De Paiwas,NI,2022-06-09 04:56:09,12.7857,-85.1227,72.46,97,100,3.29
131,Ndioum,SN,2022-06-09 04:56:09,16.5129,-14.6471,78.69,62,85,13.4
132,Leh,IN,2022-06-09 04:56:09,34.1667,77.5833,50.59,62,99,4.21
133,Lae,PG,2022-06-09 04:56:10,-6.7221,146.9847,93.87,66,77,6.49
134,Vardo,NO,2022-06-09 04:57:10,70.3705,31.1107,48.18,57,26,5.75
135,Nadvoitsy,RU,2022-06-09 04:57:10,63.8667,34.3167,54.75,75,100,11.03
136,Peace River,CA,2022-06-09 04:57:11,56.2501,-117.286,57.51,88,75,4.61
137,Korschenbroich,DE,2022-06-09 04:57:11,51.1914,6.5135,57.99,93,75,5.75
138,Camacha,PT,2022-06-09 04:57:11,33.0833,-16.3333,62.02,94,75,10.36
139,Acapulco,MX,2022-06-09 04:55:53,16.8634,-99.8901,80.06,81,76,2.1
140,Nuuk,GL,2022-06-09 04:57:12,64.1835,-51.7216,39.2,73,6,4.63
141,Fraserburgh,GB,2022-06-09 04:57:12,57.6874,-2.0184,52.12,95,100,6.73
142,Grindavik,IS,2022-06-09 04:57:12,63.8424,-22.4338,49.95,81,75,4.61
143,Lerwick,GB,2022-06-09 04:57:13,60.1545,-1.1494,51.8,85,100,13.67
144,Mount Isa,AU,2022-06-09 04:57:13,-20.7333,139.5,67.77,24,5,11.5
145,Cayenne,GF,2022-06-09 04:57:14,4.9333,-52.3333,76.08,1,100,5.01
146,Viedma,AR,2022-06-09 04:57:14,-40.8135,-62.9967,56.28,45,80,21.25
147,Tukrah,LY,2022-06-09 04:57:15,32.5341,20.5791,73.92,70,0,1.77
148,Limbang,MY,2022-06-09 04:57:15,4.75,115.0,87.06,76,100,5.1
149,Nikolskoye,RU,2022-06-09 04:57:15,59.7035,30.7861,62.87,96,100,4.65
150,Nouakchott,MR,2022-06-09 04:57:16,18.0858,-15.9785,69.73,91,93,9.04
151,Norman Wells,CA,2022-06-09 04:57:16,65.282,-126.8329,46.44,71,100,2.3
152,Dunda,TZ,2022-06-09 04:57:16,-8.1167,34.25,59.77,67,1,3.27
153,Nemuro,JP,2022-06-09 04:57:17,43.3236,145.575,51.06,82,86,12.82
154,Kailua,US,2022-06-09 04:57:17,21.4022,-157.7394,82.02,73,100,11.5
155,Batagay-Alyta,RU,2022-06-09 04:57:17,67.8006,130.4114,63.05,19,16,14.07
156,Codrington,AU,2022-06-09 04:57:18,-38.2667,141.9667,54.34,75,96,17.78
157,Orlik,RU,2022-06-09 04:57:18,52.5178,99.825,43.39,90,100,6.55
158,Arlit,NE,2022-06-09 04:57:18,18.7369,7.3853,84.36,11,0,12.73
159,Saskylakh,RU,2022-06-09 04:57:19,71.9167,114.0833,57.47,63,60,14.9
160,Mantua,IT,2022-06-09 04:57:19,45.1667,10.7833,65.44,86,98,1.01
161,Atar,MR,2022-06-09 04:57:19,20.5169,-13.0499,83.03,35,54,4.32
162,Nieuw Amsterdam,SR,2022-06-09 04:57:20,5.8833,-55.0833,78.03,90,99,8.14
163,Morondava,MG,2022-06-09 04:57:20,-20.2833,44.2833,70.05,65,0,7.25
164,Monteagudo,BO,2022-06-09 04:57:21,-19.8167,-63.9833,59.58,96,100,1.57
165,Atambua,ID,2022-06-09 04:57:21,-9.1061,124.8925,73.47,88,100,6.82
166,Maryville,US,2022-06-09 04:57:21,35.7565,-83.9705,71.67,94,100,8.99
167,Half Moon Bay,US,2022-06-09 04:57:22,37.4636,-122.4286,63.41,86,100,14.97
168,Fergus Falls,US,2022-06-09 04:57:22,46.283,-96.0776,59.07,69,0,0.0
169,Cabo San Lucas,MX,2022-06-09 04:55:59,22.8909,-109.9124,75.61,67,2,1.99
170,Thompson,CA,2022-06-09 04:57:23,55.7435,-97.8558,48.36,87,75,3.44
171,Tuktoyaktuk,CA,2022-06-09 04:57:23,69.4541,-133.0374,30.2,80,100,12.66
172,Merauke,ID,2022-06-09 04:57:23,-8.4667,140.3333,82.83,75,46,15.97
173,Mayo,US,2022-06-09 04:57:23,38.8876,-76.5119,73.18,93,75,8.05
174,Idenao,CM,2022-06-09 04:57:24,4.2475,9.0047,76.28,87,98,2.26
175,Clyde River,CA,2022-06-09 04:57:24,70.4692,-68.5914,32.23,93,100,10.36
176,Kurilsk,RU,2022-06-09 04:57:25,45.2333,147.8833,45.82,76,99,1.7
177,Westport,US,2022-06-09 04:58:25,41.1415,-73.3579,71.1,88,100,4.61
178,Zheleznodorozhnyy,RU,2022-06-09 04:58:25,55.7503,38.0042,66.72,52,31,2.55
179,Batsfjord,NO,2022-06-09 04:58:26,70.6345,29.7185,46.33,65,100,5.75
180,Salalah,OM,2022-06-09 04:58:26,17.0151,54.0924,84.49,66,62,3.71
181,Sambava,MG,2022-06-09 04:58:26,-14.2667,50.1667,74.21,73,14,11.9
182,Mecca,SA,2022-06-09 04:57:02,21.4267,39.8261,87.94,42,17,7.31
183,Consolacion Del Sur,CU,2022-06-09 04:58:27,22.5047,-83.5136,74.37,91,50,5.03
184,Kushima,JP,2022-06-09 04:58:27,31.4583,131.2333,75.96,73,100,6.55
185,Mayenne,FR,2022-06-09 04:58:27,48.3333,-0.6667,53.04,97,76,5.86
186,Colon,PA,2022-06-09 04:58:27,9.3592,-79.9014,80.15,87,58,7.96
187,Lebu,CL,2022-06-09 04:58:28,-37.6167,-73.65,52.02,89,96,8.34
188,Nioro,GM,2022-06-09 04:58:28,13.35,-15.75,80.67,75,100,6.85
189,Henties Bay,NA,2022-06-09 04:58:28,-22.116,14.2845,66.61,40,0,5.75
190,Beipiao,CN,2022-06-09 04:58:29,41.7919,120.7792,74.82,42,49,8.43
191,Kuvandyk,RU,2022-06-09 04:58:29,51.4781,57.3552,50.32,96,78,9.89
192,Darnah,LY,2022-06-09 04:58:29,32.767,22.6367,74.44,67,0,5.46
193,Iberia,US,2022-06-09 04:58:30,29.9502,-91.7507,80.06,84,3,7.85
194,Opuwo,NA,2022-06-09 04:58:30,-18.0607,13.84,50.85,56,0,9.37
195,Byron Bay,AU,2022-06-09 04:54:15,-28.65,153.6167,64.94,41,0,4.99
196,Tual,ID,2022-06-09 04:58:30,-5.6667,132.75,83.43,72,39,11.95
197,Cartagena Del Chaira,CO,2022-06-09 04:58:31,1.3349,-74.8429,70.47,99,93,2.77
198,Boromo,BF,2022-06-09 04:58:31,11.75,-2.9333,82.4,47,32,5.35
199,Chokurdakh,RU,2022-06-09 04:58:31,70.6333,147.9167,55.67,44,51,9.98
200,Iwanai,JP,2022-06-09 04:58:32,42.9744,140.5089,60.3,68,93,5.41
201,Carndonagh,IE,2022-06-09 04:58:32,55.25,-7.2667,48.33,96,94,5.59
202,Guarapari,BR,2022-06-09 04:58:32,-20.6667,-40.4975,69.89,86,57,6.55
203,Aquiraz,BR,2022-06-09 04:58:33,-3.9014,-38.3911,77.09,89,100,6.87
204,Port Lincoln,AU,2022-06-09 04:58:33,-34.7333,135.8667,56.34,66,100,12.97
205,Mar Del Plata,AR,2022-06-09 04:54:58,-38.0023,-57.5575,47.08,96,100,11.5
206,Palana,RU,2022-06-09 04:58:33,59.1167,159.9667,43.56,86,100,3.04
207,College,US,2022-06-09 04:58:33,64.8569,-147.8028,58.59,45,0,4.0
208,Hasaki,JP,2022-06-09 04:58:34,35.7333,140.8333,73.29,77,88,13.24
209,Faanui,PF,2022-06-09 04:58:34,-16.4833,-151.75,78.42,77,24,5.32
210,Vestmanna,FO,2022-06-09 04:58:34,62.1564,-7.1664,45.52,71,75,11.5
211,San Andres,CO,2022-06-09 04:55:12,12.5847,-81.7006,80.62,89,75,4.61
212,Anaimalai,IN,2022-06-09 04:58:35,10.5833,76.9333,86.97,57,33,12.17
213,Klaksvik,FO,2022-06-09 04:58:35,62.2266,-6.589,47.32,78,98,23.17
214,Tanabe,JP,2022-06-09 04:58:36,33.7333,135.3667,78.93,62,75,13.8
215,Shelburne,CA,2022-06-09 04:58:36,44.0787,-80.2041,54.39,85,100,3.69
216,Sur,OM,2022-06-09 04:58:36,22.5667,59.5289,95.09,44,0,4.74
217,Lorengau,PG,2022-06-09 04:58:37,-2.0226,147.2712,84.58,63,81,5.55
218,Port Hardy,CA,2022-06-09 04:58:37,50.6996,-127.4199,57.38,62,100,6.91
219,Albion,US,2022-06-09 04:58:17,42.2431,-84.753,56.21,98,100,0.0
220,Maanshan,CN,2022-06-09 04:58:37,31.6957,118.4983,87.85,32,63,10.94
221,Sinnamary,GF,2022-06-09 04:58:38,5.3833,-52.95,77.38,86,100,6.4
222,Gumdag,TM,2022-06-09 04:59:38,39.2061,54.5906,79.88,52,0,10.11
223,Graham,US,2022-06-09 04:59:38,47.0529,-122.2943,60.49,73,0,1.01
224,East London,ZA,2022-06-09 04:59:39,-33.0153,27.9116,70.74,35,0,10.36
225,Sao Jose Da Coroa Grande,BR,2022-06-09 04:59:39,-8.8978,-35.1478,74.75,86,47,4.27
226,Kharakvasla,IN,2022-06-09 04:59:39,18.4333,73.7667,84.38,62,90,7.58
227,Kyzyl-Suu,KG,2022-06-09 04:59:40,42.3414,78.0056,63.81,52,100,4.0
228,Aborlan,PH,2022-06-09 04:59:40,9.4352,118.5492,87.87,61,100,5.28
229,Chuy,UY,2022-06-09 04:59:40,-33.6971,-53.4616,53.28,93,46,3.4
230,Hohhot,CN,2022-06-09 04:59:40,40.8106,111.6522,86.29,14,0,13.42
231,Guane,CU,2022-06-09 04:59:41,22.2025,-84.0875,77.41,86,48,5.57
232,Thomaston,US,2022-06-09 04:55:48,32.8882,-84.3266,74.98,92,40,10.36
233,Roald,NO,2022-06-09 04:59:41,62.5833,6.1333,55.17,81,20,18.41
234,Ostrovnoy,RU,2022-06-09 04:59:41,68.0531,39.5131,56.77,52,99,10.36
235,Ondjiva,AO,2022-06-09 04:59:42,-17.0667,15.7333,46.81,67,0,7.49
236,Wanning,CN,2022-06-09 04:59:42,18.8003,110.3967,85.66,70,100,12.75
237,Kusu,JP,2022-06-09 04:59:42,33.2831,131.1514,80.02,56,57,2.26
238,Sumbe,AO,2022-06-09 04:59:43,-11.2061,13.8437,70.3,57,7,4.59
239,Bathsheba,BB,2022-06-09 04:59:43,13.2167,-59.5167,81.21,83,20,18.41
240,Tiarei,PF,2022-06-09 04:59:43,-17.5333,-149.3333,80.62,73,18,7.14
241,Provideniya,RU,2022-06-09 04:59:44,64.3833,-173.3,41.11,81,0,13.42
242,Mitu,CO,2022-06-09 04:59:44,1.1983,-70.1733,70.63,98,76,0.69
243,Brae,GB,2022-06-09 04:59:44,60.3964,-1.353,49.53,83,100,13.91
244,Kahului,US,2022-06-09 04:59:45,20.8947,-156.47,78.96,76,28,11.01
245,Ilulissat,GL,2022-06-09 04:59:45,69.2167,-51.1,34.83,71,100,5.03
246,Cabinda,AO,2022-06-09 04:59:45,-5.55,12.2,71.74,93,95,5.06
247,Comodoro Rivadavia,AR,2022-06-09 04:59:45,-45.8667,-67.5,40.86,48,0,11.5
248,Labuhan,ID,2022-06-09 04:59:46,-6.8844,112.2051,85.05,68,100,5.57
249,Falam,MM,2022-06-09 04:59:46,22.9167,93.6833,74.03,74,100,0.49
250,Kavaratti,IN,2022-06-09 04:59:46,10.5669,72.642,82.87,77,42,14.03
251,Poroshkovo,UA,2022-06-09 04:59:47,48.6683,22.7533,62.35,87,22,3.11
252,Yeniseysk,RU,2022-06-09 04:59:47,58.4497,92.1703,65.89,50,13,2.66
253,Tenamaxtlan,MX,2022-06-09 04:59:47,20.2167,-104.1667,69.76,76,95,2.3
254,Katete,UG,2022-06-09 04:59:48,-0.7818,29.7544,61.88,87,82,1.41
255,Eganville,CA,2022-06-09 04:59:48,45.5334,-77.0994,55.53,77,100,0.89
256,Constitucion,CL,2022-06-09 04:59:48,-35.3333,-72.4167,50.04,80,43,6.13
257,Lompoc,US,2022-06-09 04:59:48,34.6391,-120.4579,63.57,84,100,25.01
258,Cabedelo,BR,2022-06-09 04:59:49,-6.9811,-34.8339,75.87,85,58,6.31
259,Aitape,PG,2022-06-09 04:59:50,-3.1374,142.3475,83.55,72,69,5.91
260,Dongsheng,CN,2022-06-09 04:59:50,39.8161,109.9776,80.4,10,1,16.87
261,Whitehorse,CA,2022-06-09 04:59:51,60.7161,-135.0538,70.57,28,75,3.44
262,Richards Bay,ZA,2022-06-09 04:58:26,-28.783,32.0377,58.05,87,0,10.02
263,Airai,TL,2022-06-09 04:59:51,-8.9266,125.4092,61.34,94,100,4.45
264,Zhangye,CN,2022-06-09 04:59:51,38.9342,100.4517,81.37,14,46,9.37
265,Mangaldai,IN,2022-06-09 04:59:52,26.4333,92.0333,82.47,85,90,5.77
266,Panaba,MX,2022-06-09 04:59:52,21.2833,-88.2667,77.77,89,100,9.57
267,Union,US,2022-06-09 04:59:52,40.6334,-74.2663,73.58,88,40,5.75
268,Kruisfontein,ZA,2022-06-09 04:59:53,-34.0033,24.7314,59.88,88,0,20.09
269,Verkhnyaya Balkariya,RU,2022-06-09 04:59:53,43.1279,43.4573,63.52,80,76,1.99
270,Sorland,NO,2022-06-09 05:00:53,67.667,12.6934,43.93,73,46,19.73
271,Alta Floresta,BR,2022-06-09 04:59:56,-9.8756,-56.0861,70.9,83,61,1.5
272,Slave Lake,CA,2022-06-09 04:57:54,55.2834,-114.769,53.58,94,100,5.75
273,Alyangula,AU,2022-06-09 05:00:56,-13.8483,136.4192,75.56,56,100,19.6
274,Tiksi,RU,2022-06-09 05:00:58,71.6872,128.8694,48.88,46,14,12.17
275,Sioux Lookout,CA,2022-06-09 05:01:05,50.1001,-91.917,47.25,94,58,4.41
276,Makakilo City,US,2022-06-09 05:01:05,21.3469,-158.0858,80.56,64,19,12.73
277,Manbij,SY,2022-06-09 05:01:06,36.5281,37.9549,72.41,53,0,16.51
278,Gornyy,RU,2022-06-09 05:01:07,55.1153,83.9059,56.59,55,100,12.19
279,Anadyr,RU,2022-06-09 05:01:08,64.75,177.4833,50.5,46,0,11.18
280,Walvis Bay,NA,2022-06-09 05:01:08,-22.9575,14.5053,65.08,31,0,6.93
281,Korla,CN,2022-06-09 05:01:09,41.7597,86.1469,89.35,13,0,9.84
282,Novopokrovka,UA,2022-06-09 05:01:10,49.8425,36.5477,67.08,66,86,7.09
283,Ponta Do Sol,PT,2022-06-09 05:01:10,32.6667,-17.1,70.72,72,8,4.16
284,Ahuimanu,US,2022-06-09 05:01:10,21.4447,-157.8378,81.75,71,100,11.5
285,Paita,PE,2022-06-09 05:01:11,-5.0892,-81.1144,64.87,83,100,13.8
286,Mogadishu,SO,2022-06-09 04:57:10,2.0371,45.3438,80.47,78,75,18.41
287,Kargala,RU,2022-06-09 05:01:11,56.6208,83.9607,60.35,43,100,8.99
288,Katobu,ID,2022-06-09 05:01:12,-4.9408,122.5276,86.79,63,82,2.46
289,Joshimath,IN,2022-06-09 05:01:12,30.5667,79.5667,81.09,32,6,8.08
290,Ponta Delgada,PT,2022-06-09 05:01:13,37.7333,-25.6667,66.92,94,75,9.22
291,Port Elizabeth,ZA,2022-06-09 04:59:22,-33.918,25.5701,64.69,77,0,25.32
292,Querfurt,DE,2022-06-09 05:01:13,51.3833,11.6,60.67,90,99,7.74
293,Ulladulla,AU,2022-06-09 05:01:14,-35.35,150.4667,58.1,45,29,12.71
294,Zhanaozen,KZ,2022-06-09 05:01:14,43.3,52.8,81.21,19,14,13.2
295,Komsomolskiy,UZ,2022-06-09 05:01:15,40.4272,71.7189,83.12,30,42,6.91
296,Srednekolymsk,RU,2022-06-09 05:01:15,67.45,153.6833,63.66,27,86,16.02
297,Boende,CD,2022-06-09 05:01:15,-0.2167,20.8667,70.68,86,98,1.14
298,Atocha,BO,2022-06-09 05:01:16,-20.9333,-66.2333,29.88,31,0,8.61
299,Powell,US,2022-06-09 04:58:56,40.1578,-83.0752,64.53,95,100,8.05
300,Sertania,BR,2022-06-09 05:01:16,-8.0736,-37.2644,64.29,97,99,2.73
301,Zhuravka,UA,2022-06-09 05:01:17,50.4811,32.5949,67.24,71,99,6.31
302,Lata,PT,2022-06-09 05:01:17,40.1629,-8.3327,58.39,97,47,3.22
303,Bengkulu,ID,2022-06-09 05:01:18,-3.8004,102.2655,83.5,69,95,5.77
304,Conde,BR,2022-06-09 05:01:18,-7.2597,-34.9075,71.98,90,67,5.66
305,Ferkessedougou,CI,2022-06-09 05:01:19,9.6,-5.2,74.43,77,13,4.74
306,Biak,ID,2022-06-09 05:01:19,-0.9131,122.8766,83.05,68,43,2.89
307,North Bend,US,2022-06-09 05:01:19,43.4065,-124.2243,55.85,95,95,1.5
308,Nordborg,DK,2022-06-09 05:01:20,55.0573,9.7408,58.89,94,75,2.3
309,Sao Joao Da Barra,BR,2022-06-09 05:01:20,-21.6403,-41.0511,67.62,92,83,7.34
310,Rosarito,MX,2022-06-09 05:01:20,32.3333,-117.0333,65.32,83,22,3.33
311,Asfi,MA,2022-06-09 05:01:21,32.2994,-9.2372,67.08,93,7,15.59
312,Adrar,MR,2022-06-09 05:01:21,20.5022,-10.0711,85.59,26,35,11.61
313,Chapais,CA,2022-06-09 05:01:22,49.7834,-74.8492,49.21,90,93,4.03
314,Wielun,PL,2022-06-09 05:01:22,51.221,18.5696,61.03,95,98,4.79
315,San Patricio,US,2022-06-09 05:01:23,28.017,-97.5169,82.83,85,0,12.57
316,Marawi,PH,2022-06-09 05:01:23,7.9986,124.2928,79.83,72,100,3.22
317,Fairbanks,US,2022-06-09 05:00:04,64.8378,-147.7164,58.6,45,0,4.0
318,Warrnambool,AU,2022-06-09 05:02:23,-38.3833,142.4833,55.81,75,93,18.61
319,Diego De Almagro,CL,2022-06-09 05:02:24,-26.3667,-70.05,50.52,68,0,0.69
320,San Cristobal,VE,2022-06-09 05:02:24,7.7669,-72.225,64.08,88,100,2.46
321,Ca Mau,VN,2022-06-09 05:01:16,9.1769,105.15,94.44,47,88,6.58
322,Kurchum,KZ,2022-06-09 05:02:24,48.5722,83.6542,79.45,34,8,13.47
323,Oum Hadjer,TD,2022-06-09 05:02:25,13.2954,19.6966,81.37,57,92,17.49
324,Viytivka,UA,2022-06-09 05:02:25,48.426,29.5429,68.04,62,77,4.99
325,Pulaski,US,2022-06-09 05:02:25,34.7668,-92.3001,69.17,94,75,5.99
326,Harper,LR,2022-06-09 05:02:26,4.375,-7.7169,77.43,79,4,3.85
327,Karratha,AU,2022-06-09 05:02:26,-20.7377,116.8463,76.77,46,100,18.79
328,Paamiut,GL,2022-06-09 05:02:26,61.994,-49.6678,37.53,88,0,10.92
329,Orzhytsya,UA,2022-06-09 05:02:27,49.7918,32.7012,70.21,65,68,5.66
330,Valerianovsk,RU,2022-06-09 05:02:27,58.76,59.5522,50.02,98,100,10.29
331,Waipawa,NZ,2022-06-09 05:02:27,-41.4122,175.5153,50.61,81,90,19.95
332,San Agustin,MX,2022-06-09 05:02:28,20.5333,-103.4667,72.72,60,40,10.36
333,Lappeenranta,FI,2022-06-09 05:02:28,61.0587,28.1887,59.05,88,20,8.05
334,Susanville,US,2022-06-09 04:59:40,40.4163,-120.653,69.64,40,0,8.05
335,Akureyri,IS,2022-06-09 05:01:05,65.6835,-18.0878,52.12,86,100,2.68
336,Flinders,AU,2022-06-09 05:02:29,-34.5833,150.8552,59.38,55,3,11.01
337,Chor,PK,2022-06-09 05:02:29,25.5167,69.7667,95.23,39,0,24.16
338,Rundu,NA,2022-06-09 05:02:29,-17.9333,19.7667,41.31,34,0,6.35
339,Cape Coast,GH,2022-06-09 05:02:30,5.1053,-1.2466,77.45,85,28,5.23
340,Hatta,IN,2022-06-09 05:02:30,24.1167,79.6,103.73,14,62,13.09
341,Aripuana,BR,2022-06-09 05:02:30,-9.1667,-60.6333,75.07,79,100,0.81
342,Pemba,MZ,2022-06-09 05:02:31,-12.974,40.5178,70.84,81,0,12.37
343,Plettenberg Bay,ZA,2022-06-09 05:02:31,-34.0527,23.3716,61.61,80,16,10.16
344,Kaduna,NG,2022-06-09 05:02:32,10.5222,7.4383,70.68,74,69,6.82
345,Bubaque,GW,2022-06-09 05:02:32,11.2833,-15.8333,78.01,76,100,1.72
346,Saint-Pierre,RE,2022-06-09 05:02:32,-21.3393,55.4781,73.9,78,0,5.75
347,Pemex,MX,2022-06-09 05:02:33,18.4395,-96.3461,76.95,90,97,5.17
348,Bontang,ID,2022-06-09 05:02:33,0.1333,117.5,83.57,69,43,7.11
349,Kupang,ID,2022-06-09 05:02:33,-10.1667,123.5833,86.04,59,98,12.08
350,Tabou,CI,2022-06-09 05:02:33,4.423,-7.3528,77.47,80,3,4.76
351,Nouadhibou,MR,2022-06-09 05:02:34,20.931,-17.0347,66.61,87,100,12.66
352,Sangar,RU,2022-06-09 05:02:34,63.9242,127.4739,79.75,27,34,14.07
353,Naze,JP,2022-06-09 05:02:34,28.3667,129.4833,72.27,81,100,6.6
354,Torata,PE,2022-06-09 05:02:35,-17.0769,-70.8433,49.77,62,5,0.56
355,Madang,PG,2022-06-09 05:02:35,-5.2246,145.7966,84.7,65,79,5.35
356,Bambanglipuro,ID,2022-06-09 05:02:36,-7.95,110.2833,84.7,69,76,6.31
357,Carutapera,BR,2022-06-09 05:02:36,-1.195,-46.02,74.46,93,96,4.81
358,Vao,NC,2022-06-09 05:02:36,-22.6667,167.4833,69.84,75,100,11.1
359,Yulara,AU,2022-06-09 05:02:36,-25.2406,130.9889,60.71,34,5,13.4
360,Pativilca,PE,2022-06-09 05:02:37,-10.7,-77.7833,62.47,88,56,9.19
361,Ajuchitlan,MX,2022-06-09 05:03:37,20.7167,-100.0167,67.39,63,49,5.88
362,Tasiilaq,GL,2022-06-09 05:03:13,65.6145,-37.6368,35.76,73,5,2.84
363,Nanortalik,GL,2022-06-09 05:03:37,60.1432,-45.2371,38.5,87,31,5.68
364,Madaoua,NE,2022-06-09 05:03:38,14.073,5.96,86.02,32,48,10.47
365,Boysun,UZ,2022-06-09 05:03:38,38.2061,67.1986,83.75,16,0,5.57
366,Sidney,AU,2022-06-09 05:02:34,-33.8679,151.2073,62.31,45,0,19.57
367,Gladstone,AU,2022-06-09 05:03:38,-23.85,151.25,69.78,30,1,6.91
368,Broome,US,2022-06-09 05:03:39,42.2506,-75.833,62.65,77,0,8.05
369,Lashio,MM,2022-06-09 05:03:39,22.9333,97.75,71.94,92,100,0.98
370,Moree,AU,2022-06-09 05:03:39,-29.4667,149.85,54.37,48,0,15.35
371,Banjar,ID,2022-06-09 05:03:40,-8.19,114.9675,84.54,76,100,2.71
372,Champerico,GT,2022-06-09 05:03:40,14.3,-91.9167,78.21,86,100,8.41
373,Coquimbo,CL,2022-06-09 05:03:17,-29.9533,-71.3436,51.53,93,100,4.61
374,Kehra,EE,2022-06-09 05:03:40,59.3361,25.3211,61.41,75,6,6.96
375,Svetlaya,RU,2022-06-09 05:03:41,46.5389,138.3297,53.2,73,73,5.64
376,Rupert,US,2022-06-09 05:03:41,42.6191,-113.6772,58.17,72,0,6.91
377,Ylojarvi,FI,2022-06-09 05:03:41,61.5563,23.5961,57.61,88,20,4.61
378,Boma,GH,2022-06-09 05:03:42,7.0805,-2.1697,70.11,99,39,2.82
379,Ati,TD,2022-06-09 05:03:42,13.2154,18.3353,85.69,49,100,16.53
380,Lastoursville,GA,2022-06-09 05:02:43,-0.8143,12.7287,69.58,99,100,0.51
381,Formosa,AR,2022-06-09 05:01:55,-26.1775,-58.1781,57.85,97,32,4.34
382,San Juan Bautista,PE,2022-06-09 05:03:42,-14.0108,-75.7358,61.05,82,0,4.0
383,Xucheng,CN,2022-06-09 05:03:43,20.35,110.1288,85.69,66,100,5.3
384,Oda,JP,2022-06-09 05:03:43,35.1833,132.5,68.2,75,9,10.85
385,Shenzhen,CN,2022-06-09 04:59:12,22.5455,114.0683,82.26,96,100,3.76
386,Jijiga,ET,2022-06-09 05:03:22,9.35,42.8,64.04,79,63,18.92
387,Khatanga,RU,2022-06-09 05:03:44,71.9667,102.5,53.6,40,15,7.29
388,Denizli,TR,2022-06-09 04:59:41,37.8402,29.0698,72.27,52,0,0.36
389,Lavrentiya,RU,2022-06-09 05:03:44,65.5833,-171.0,41.27,59,0,8.88
390,Beringovskiy,RU,2022-06-09 05:03:44,63.05,179.3167,39.36,61,5,8.93
391,Puerto Escondido,MX,2022-06-09 05:03:45,15.85,-97.0667,79.36,84,91,2.77
392,Ndele,CF,2022-06-09 05:03:45,8.4109,20.6473,69.26,96,100,6.24
393,Tura,IN,2022-06-09 05:03:45,25.5198,90.2201,79.29,90,100,7.76
394,Yaan,NG,2022-06-09 05:03:45,7.3833,8.5667,72.52,94,72,6.08
395,Raymondville,US,2022-06-09 05:01:30,26.4815,-97.7831,82.09,91,9,11.23
396,Sahuaripa,MX,2022-06-09 05:03:46,29.05,-109.2333,80.29,49,89,2.17
397,Villaviciosa,ES,2022-06-09 05:03:46,43.4813,-5.4357,62.22,98,65,2.73
398,Saldanha,ZA,2022-06-09 05:03:47,-33.0117,17.9442,60.15,87,0,9.91
399,Excelsior Springs,US,2022-06-09 04:58:53,39.3392,-94.2261,65.75,93,0,0.0
400,Laguna,US,2022-06-09 05:03:47,38.421,-121.4238,77.31,59,0,5.75
401,Teguldet,RU,2022-06-09 05:03:47,57.3064,88.1667,63.46,45,31,3.85
402,Skerries,IE,2022-06-09 05:03:48,53.5828,-6.1083,56.12,87,84,9.73
403,Sol-Iletsk,RU,2022-06-09 05:03:48,51.1631,54.9918,53.8,91,100,13.18
404,Awbari,LY,2022-06-09 05:03:48,26.5921,12.7805,84.6,16,7,3.15
405,Sao Filipe,CV,2022-06-09 05:03:48,14.8961,-24.4956,72.52,84,25,4.03
406,Bafra,TR,2022-06-09 05:03:49,41.5678,35.9069,69.82,83,100,3.47
407,Conakry,GN,2022-06-09 05:03:49,9.538,-13.6773,80.51,76,97,5.73
408,Flin Flon,CA,2022-06-09 05:03:49,54.7682,-101.865,54.05,63,41,4.76
409,Erzin,TR,2022-06-09 05:04:50,36.9559,36.2,72.99,74,41,2.73
410,Chamba,IN,2022-06-09 05:04:50,32.5667,76.1333,94.77,18,51,7.96
411,Khorixas,NA,2022-06-09 05:04:50,-20.3667,14.9667,53.92,32,0,10.58
412,Talnakh,RU,2022-06-09 05:04:51,69.4865,88.3972,42.21,71,64,5.97
413,Piuma,BR,2022-06-09 05:00:02,-20.8378,-40.7219,66.72,90,63,5.93
414,Shadrinsk,RU,2022-06-09 05:04:51,56.0852,63.6335,56.03,83,100,9.57
415,Macau,MO,2022-06-09 05:01:09,22.2006,113.5461,78.53,94,40,11.5
416,Caravelas,BR,2022-06-09 05:04:51,-17.7125,-39.2481,69.64,94,14,5.17
417,Verkhnevilyuysk,RU,2022-06-09 05:04:52,63.4453,120.3167,76.6,40,60,5.41
418,Turan,VN,2022-06-09 05:04:52,16.0678,108.2208,96.78,44,20,4.61
419,Inirida,CO,2022-06-09 05:04:52,3.8653,-67.9239,71.1,97,94,1.43
420,Yebaishou,CN,2022-06-09 05:04:53,41.3975,119.6408,72.09,43,52,5.88
421,Russell,US,2022-06-09 05:04:53,32.3502,-85.1999,77.0,94,0,0.0
422,Pevek,RU,2022-06-09 05:04:53,69.7008,170.3133,44.96,63,57,9.06
423,Leningradskiy,RU,2022-06-09 05:04:54,69.3833,178.4167,38.39,70,24,15.19
424,Narok,KE,2022-06-09 05:04:54,-1.0783,35.8601,57.94,91,95,5.57
425,Phibun Mangsahan,TH,2022-06-09 05:04:54,15.2447,105.2291,96.12,54,100,6.4
426,Turbat,PK,2022-06-09 05:04:55,26.0023,63.044,91.17,48,0,5.17
427,Jeremie,HT,2022-06-09 05:04:55,18.65,-74.1167,78.37,81,61,3.09
428,Mazyr,BY,2022-06-09 05:04:55,52.0495,29.2456,68.92,66,68,6.24
429,Akyab,MM,2022-06-09 05:04:56,20.15,92.9,83.62,73,99,9.57
430,Rawah,IQ,2022-06-09 05:04:56,34.4816,41.9093,85.82,27,0,17.58
431,Mandali,IQ,2022-06-09 05:04:56,33.7499,45.5541,101.01,10,0,0.98
432,Petrov Val,RU,2022-06-09 05:04:57,50.1434,45.2096,65.05,56,5,10.71
433,Dingle,PH,2022-06-09 05:04:57,10.9995,122.6711,87.51,65,100,6.15
434,Khadyzhensk,RU,2022-06-09 05:04:57,44.4256,39.5319,71.8,75,54,0.25
435,Saint George,US,2022-06-09 05:02:56,37.1041,-113.5841,88.39,20,0,1.01
436,Serowe,BW,2022-06-09 05:04:58,-22.3833,26.7167,42.44,80,0,4.97
437,Niamey,NE,2022-06-09 05:04:58,13.5137,2.1098,87.64,39,7,8.16
438,Lukulu,ZM,2022-06-09 05:04:58,-14.3707,23.242,49.53,88,6,5.57
439,Bac Lieu,VN,2022-06-09 05:04:59,9.285,105.7244,90.27,57,70,5.01
440,Quesnel,CA,2022-06-09 05:04:59,52.9999,-122.5029,50.45,88,100,2.39
441,Misratah,LY,2022-06-09 05:04:59,32.3754,15.0925,76.75,61,81,4.41
442,Bull Savanna,JM,2022-06-09 05:05:00,17.8868,-77.5902,74.39,87,100,8.39
443,Aswan,EG,2022-06-09 05:05:00,24.0934,32.907,90.43,20,0,16.42
444,Mareeba,AU,2022-06-09 05:00:17,-17.0,145.4333,76.44,70,96,5.82
445,Gizo,SB,2022-06-09 05:05:01,-8.103,156.8419,82.85,70,93,1.77
446,Jumla,NP,2022-06-09 05:05:01,29.2747,82.1838,74.41,38,66,5.82
447,Sitka,US,2022-06-09 05:05:01,57.0531,-135.33,60.69,51,75,9.22
448,Coahuayana,MX,2022-06-09 05:05:01,18.7333,-103.6833,75.9,87,70,1.9
449,Gasa,PS,2022-06-09 05:05:02,31.5,34.4667,79.88,50,0,2.51
450,Nizip,TR,2022-06-09 05:05:02,37.0097,37.7942,73.53,51,0,7.94
451,Saint-Denis,FR,2022-06-09 05:05:03,48.9167,2.3333,55.15,88,0,8.05
452,Saint-Augustin,CA,2022-06-09 05:05:03,51.226,-58.6502,45.66,72,100,3.87
453,Haapiti,PF,2022-06-09 05:06:03,-17.5667,-149.8667,79.72,72,23,7.94
454,Kijang,KR,2022-06-09 05:06:03,35.2442,129.2139,68.54,63,2,7.81
455,Morrope,PE,2022-06-09 05:06:04,-6.5417,-80.0111,63.79,86,97,12.75
456,Sao Caetano Do Sul,BR,2022-06-09 05:06:04,-23.6231,-46.5511,64.42,91,100,2.3
457,Hastings,GB,2022-06-09 05:01:57,50.8552,0.5729,54.79,90,44,11.56
458,Zambezi,ZM,2022-06-09 05:06:05,-13.5432,23.1047,47.75,95,9,5.35
459,Oktyabrskoye,RU,2022-06-09 05:06:05,43.0645,44.7417,64.54,77,98,0.0
460,Andra,RU,2022-06-09 05:06:05,62.5147,65.8878,58.91,70,99,13.22
461,Maniitsoq,GL,2022-06-09 05:06:06,65.4167,-52.9,39.74,67,57,2.95
462,Bulgan,MN,2022-06-09 05:06:06,48.8125,103.5347,58.44,45,32,5.01
463,Mandera,KE,2022-06-09 05:06:06,3.9366,41.867,78.96,61,83,17.27
464,Neyshabur,IR,2022-06-09 05:06:07,36.2133,58.7958,86.52,13,44,4.03
465,De-Kastri,RU,2022-06-09 05:06:07,51.4667,140.7833,45.16,97,100,6.8
466,Krasnoselkup,RU,2022-06-09 05:06:07,65.7,82.4667,55.89,35,1,5.68
467,Xuzhou,CN,2022-06-09 05:06:08,34.1805,117.1571,93.85,28,88,10.6
468,Albanel,CA,2022-06-09 05:06:08,48.8832,-72.4487,48.85,89,56,1.63
469,Umba,RU,2022-06-09 05:06:09,66.6871,34.3429,51.42,75,100,7.81
470,Luis Correia,BR,2022-06-09 05:06:09,-2.8792,-41.6669,75.31,88,46,10.56
471,Klyuchi,RU,2022-06-09 05:06:09,52.2667,79.1667,76.69,31,100,14.79
472,Thibodaux,US,2022-06-09 05:01:31,29.7958,-90.8229,80.58,89,7,5.61
473,Vila Velha,BR,2022-06-09 05:02:38,-20.3297,-40.2925,69.94,90,14,5.21
474,Adre,TD,2022-06-09 05:06:10,13.4667,22.2,75.83,67,98,9.86
475,Coxim,BR,2022-06-09 05:06:10,-18.5067,-54.76,66.79,96,85,2.77
476,Mount Gambier,AU,2022-06-09 05:06:10,-37.8333,140.7667,54.16,73,88,10.0
477,Nelson Bay,AU,2022-06-09 05:06:11,-32.7167,152.15,63.0,50,1,4.0
478,Lagoa,PT,2022-06-09 05:03:08,39.05,-27.9833,63.86,94,20,16.44
479,Ous,RU,2022-06-09 05:06:11,60.9058,61.5186,51.12,90,100,8.25
480,Asau,RO,2022-06-09 05:06:12,46.4333,26.4,65.95,62,44,1.52
481,Olden,NO,2022-06-09 05:06:12,61.8364,6.8064,54.34,82,40,0.89
482,Marquette,US,2022-06-09 05:06:12,46.5333,-87.6335,52.36,82,55,7.27
483,Itarema,BR,2022-06-09 05:06:13,-2.9248,-39.9167,74.8,90,65,7.0
484,Ketchikan,US,2022-06-09 05:05:33,55.3422,-131.6461,54.07,76,100,10.36
485,Novozavedennoye,RU,2022-06-09 05:06:13,44.2628,43.6381,69.1,53,92,7.85
486,Souillac,MU,2022-06-09 05:06:14,-20.5167,57.5167,73.67,74,41,16.53
487,Pangnirtung,CA,2022-06-09 05:06:14,66.1451,-65.7125,34.59,71,16,6.35
488,Khani,GE,2022-06-09 05:06:14,41.9563,42.9566,60.37,61,59,3.69
489,Buta,CD,2022-06-09 05:06:15,2.7858,24.73,69.24,85,100,1.45
490,Porto Velho,BR,2022-06-09 05:06:15,-8.7619,-63.9039,75.25,94,0,1.14
491,Nancha,CN,2022-06-09 05:06:15,47.1333,129.2667,69.39,69,98,4.43
492,Marsa Matruh,EG,2022-06-09 05:06:16,31.3525,27.2453,75.06,71,0,7.38
493,Haines Junction,CA,2022-06-09 05:06:16,60.7522,-137.5108,63.34,39,76,4.99
494,Rockland,US,2022-06-09 05:05:52,41.1668,-74.0496,72.79,78,80,2.3
495,Gravdal,NO,2022-06-09 05:06:16,68.1214,13.5031,44.49,76,40,9.22
496,Atherton,GB,2022-06-09 05:06:17,53.5237,-2.4935,54.75,87,52,1.01
497,Huarmey,PE,2022-06-09 05:06:17,-10.0681,-78.1522,64.4,87,31,11.1
498,Khromtau,KZ,2022-06-09 05:06:17,50.2503,58.4347,62.64,42,49,19.89
499,Shingu,JP,2022-06-09 05:07:18,33.7333,135.9833,72.23,75,100,5.23
500,Bandarbeyla,SO,2022-06-09 05:07:18,9.4942,50.8122,87.17,51,100,25.86
501,Kharp,RU,2022-06-09 05:07:19,66.8014,65.8081,70.9,31,12,5.79
502,Dhidhdhoo,MV,2022-06-09 05:07:19,6.8833,73.1,82.42,75,94,11.63
503,Senneterre,CA,2022-06-09 05:07:19,48.3835,-77.2328,48.74,94,84,3.13
504,Kidal,ML,2022-06-09 05:07:20,18.4411,1.4078,86.38,14,1,7.9
505,Ciudad Bolivar,VE,2022-06-09 05:07:20,8.1222,-63.5497,75.43,88,73,9.71
506,Spokane,US,2022-06-09 05:03:40,47.6166,-117.3677,63.25,59,0,3.44
507,Yuci,CN,2022-06-09 05:07:21,37.6803,112.7319,83.95,28,20,11.18
508,Grand Gaube,MU,2022-06-09 05:07:21,-20.0064,57.6608,76.37,66,3,7.0
509,Lasa,IT,2022-06-09 05:07:21,46.6166,10.7002,49.69,96,100,7.61
510,Cap-Aux-Meules,CA,2022-06-09 05:07:22,47.3821,-61.8597,50.31,96,100,17.85
511,Sao Teotonio,PT,2022-06-09 05:07:22,37.5128,-8.7071,60.12,98,78,5.21
512,Rocha,UY,2022-06-09 05:07:22,-34.4833,-54.3333,49.33,94,50,3.87
513,Ambon,ID,2022-06-09 05:07:22,-3.6954,128.1814,87.94,66,40,5.75
514,Dwarka,IN,2022-06-09 05:07:23,22.2394,68.9678,84.72,74,96,15.88
515,Korsakov,RU,2022-06-09 05:07:23,46.6328,142.7813,49.84,75,96,8.95
516,Pringsewu,ID,2022-06-09 05:07:23,-5.3582,104.9744,84.56,69,100,0.69
517,Rio Gallegos,AR,2022-06-09 05:02:26,-51.6226,-69.2181,34.63,58,57,31.85
518,Mananjary,MG,2022-06-09 05:07:24,-21.2167,48.3333,69.12,86,100,6.62
519,Baiyin,CN,2022-06-09 05:07:24,36.5583,104.2081,77.85,21,83,4.43
520,Carmen,MX,2022-06-09 05:07:25,18.6333,-91.8333,82.04,81,100,8.61
521,Najran,SA,2022-06-09 05:07:25,17.4924,44.1277,86.34,12,78,2.46
522,Tezpur,IN,2022-06-09 05:07:25,26.6333,92.8,83.48,81,97,2.37
523,Butajira,ET,2022-06-09 05:07:25,8.1167,38.3667,61.52,76,86,5.68
524,Polson,US,2022-06-09 05:07:26,47.6936,-114.1632,56.48,72,100,4.23
525,Stranraer,GB,2022-06-09 05:07:26,54.9023,-5.0273,51.44,90,92,7.54
526,Kambove,CD,2022-06-09 05:07:26,-10.8764,26.5969,47.5,96,10,3.91
527,Cockburn Town,TC,2022-06-09 05:07:27,21.4612,-71.1419,80.2,81,100,16.37
528,Defiance,US,2022-06-09 05:07:27,41.3334,-84.45,60.15,95,96,7.56
529,Tchaourou,BJ,2022-06-09 05:07:27,8.8865,2.5975,71.92,98,20,5.66
530,Touros,BR,2022-06-09 05:07:28,-5.1989,-35.4608,73.47,93,56,7.83
531,Daru,PG,2022-06-09 05:07:28,-9.0763,143.2092,79.74,86,100,10.31
532,Kashan,IR,2022-06-09 05:07:17,33.9831,51.4364,90.43,11,0,6.58
533,Bumba,CD,2022-06-09 05:07:29,2.1833,22.4667,69.67,93,97,2.33
534,Mamou,GN,2022-06-09 05:07:29,10.5,-12.0,68.23,95,100,2.3
535,Cidreira,BR,2022-06-09 05:07:29,-30.1811,-50.2056,62.02,89,9,10.74
536,Ocampo,MX,2022-06-09 05:07:29,21.65,-101.5,57.88,72,8,13.67
537,Fort Nelson,CA,2022-06-09 05:07:30,58.8053,-122.7002,58.06,62,56,0.89
538,Dunedin,NZ,2022-06-09 05:07:30,-45.8742,170.5036,49.8,63,82,1.14
539,Grande Prairie,CA,2022-06-09 05:07:30,55.1667,-118.8027,50.79,87,99,2.06
540,Cansancao,BR,2022-06-09 05:07:31,-10.6672,-39.4992,64.44,98,73,4.61
541,Poum,NC,2022-06-09 05:07:31,-20.2333,164.0167,76.17,74,94,18.86
542,Kingaroy,AU,2022-06-09 05:07:31,-26.5333,151.8333,56.14,39,0,11.48
543,Monrovia,LR,2022-06-09 05:02:51,6.3005,-10.7969,77.31,83,39,2.19
544,Santiago Del Estero,AR,2022-06-09 05:07:32,-27.7951,-64.2615,63.91,76,97,5.44
545,Ashoknagar,IN,2022-06-09 05:08:32,24.5667,77.7167,99.23,23,5,16.53
546,Bulaevo,KZ,2022-06-09 05:08:32,54.9056,70.4439,70.3,37,1,10.22
547,Bosanska Kostajnica,HR,2022-06-09 05:08:33,45.2159,16.5444,59.65,95,44,1.21
548,Axim,GH,2022-06-09 05:08:33,4.8699,-2.2405,76.86,87,28,5.48
549,Yingcheng,CN,2022-06-09 05:08:33,30.95,113.55,90.1,42,100,10.58
550,Viljoenskroon,ZA,2022-06-09 05:08:34,-27.2084,26.9485,45.0,43,0,0.98
551,Pocone,BR,2022-06-09 05:08:34,-16.2567,-56.6228,70.12,97,93,3.58
552,Upata,VE,2022-06-09 05:08:34,8.0086,-62.3989,69.19,97,52,4.03
553,Aksu,CN,2022-06-09 05:08:34,41.1231,80.2644,87.37,10,80,2.44
554,Havre-Saint-Pierre,CA,2022-06-09 05:08:35,50.2334,-63.5986,52.16,93,100,8.05
555,Lanigan,CA,2022-06-09 05:04:52,51.8501,-105.0344,56.59,63,77,6.96
556,Honningsvag,NO,2022-06-09 05:08:35,70.9821,25.9704,44.35,70,75,16.11
557,Halifax,CA,2022-06-09 05:04:39,44.6453,-63.5724,57.52,95,100,8.01
558,Belinskiy,RU,2022-06-09 05:08:35,52.9647,43.4165,62.42,66,3,8.05
559,Faya,SA,2022-06-09 05:08:36,18.3851,42.4509,77.52,13,36,7.43
560,Redmond,US,2022-06-09 05:08:36,47.674,-122.1215,63.88,66,88,2.35
561,Savelugu,GH,2022-06-09 05:08:36,9.6244,-0.8253,78.31,71,45,6.51
562,Marshall,US,2022-06-09 05:08:37,34.3834,-86.3333,72.07,95,75,4.61
563,Praia Da Vitoria,PT,2022-06-09 05:08:37,38.7333,-27.0667,65.75,99,68,8.59
564,Nabire,ID,2022-06-09 05:08:37,-3.3667,135.4833,83.35,77,30,4.27
565,Majene,ID,2022-06-09 05:08:38,-3.5403,118.9707,85.86,65,79,4.72
566,Pangody,RU,2022-06-09 05:08:38,65.85,74.4859,69.03,35,41,8.79
567,Gat,IL,2022-06-09 05:06:02,31.61,34.7642,85.41,33,0,1.43
568,Great Falls,US,2022-06-09 05:03:53,47.5002,-111.3008,60.67,57,75,11.5
569,Los Llanos De Aridane,ES,2022-06-09 05:08:38,28.6585,-17.9182,69.12,70,100,12.66
570,Dalianwan,CN,2022-06-09 05:08:39,39.0286,121.695,73.44,64,20,6.71
571,Port Hawkesbury,CA,2022-06-09 05:07:29,45.6169,-61.3485,55.9,98,100,9.22
572,Bogorodskoye,RU,2022-06-09 05:08:39,56.55,37.8833,62.85,59,35,3.33
573,Apac,UG,2022-06-09 05:08:40,1.9756,32.5386,62.91,98,100,2.35
574,Zharkent,KZ,2022-06-09 05:08:40,44.1628,80.0,85.68,23,96,7.7
575,Katangli,RU,2022-06-09 05:08:40,51.7102,143.2326,43.9,83,100,16.24
